ID_REF,GSM398074,GSM398075,GSM398076,GSM398077,GSM398078,GSM398079,GSM398080,GSM398081,GSM398082,GSM398083,GSM398084,GSM398085,GSM398086,GSM398087,GSM398088,GSM398089,GSM398090,GSM398091,GSM398092,GSM398093,GSM398094,GSM398095,GSM398096,GSM398097,GSM398098,GSM398099,GSM398100,GSM398101,GSM398102,GSM398103,GSM398104,GSM398105,GSM398106,GSM398107,GSM398108,GSM398109,GSM398110,GSM398111,GSM398112,GSM398113,GSM398114,GSM398115,GSM398116,GSM398117,GSM398118,GSM398119,GSM398120,GSM398121,GSM398122,GSM398123,GSM398124,GSM398125,GSM398126,GSM398127,GSM398128,GSM398129,GSM398130,GSM398131,GSM398132,GSM398133,GSM398134,GSM398135,GSM398136,GSM398137,GSM398138,GSM398139,GSM398140,GSM398141,GSM398142,GSM398143,GSM398144,GSM398145,GSM398146,GSM398147,GSM398148,GSM398149,GSM398150,GSM398151,GSM398152,GSM398153,GSM398154,GSM398155,GSM398156,GSM398157,GSM398158,GSM398159
201650_at,8.617948589516912,10.359661722333875,3.721995979067431,10.809012424782676,7.433935901496687,11.851795881403753,3.9189967698092,9.296792345390392,5.673850360118853,8.293885430302371,3.9375138894432498,10.010262340199343,9.19834190041797,10.472315141373498,3.902883962926189,11.056563207811587,3.015545739305068,10.297959432536476,3.2642256401129948,9.913243980110783,7.324477607679646,12.395140473423538,9.518070846307763,9.306966224025304,9.345065879609637,10.58043759757834,9.78665679961547,9.754969319353863,3.1591851368103554,11.161295673123307,6.351453422819617,9.911191225032557,4.607697229518343,11.280242999777968,4.74270151287308,8.181196990901968,4.165534136452861,8.904788139732718,8.463009325041375,10.501668031429691,2.7421205005655853,10.134657338295916,11.08849013043175,10.221659616681563,3.8061177960356294,4.164029984193937,3.0642827532356893,9.464200605779393,9.7158298944122,9.510247909135902,3.616204761334338,11.094381240065202,3.898266407479084,12.693153687817308,4.642793975281729,12.612877709873636,4.371189429628586,11.439529641905454,4.459149609772996,10.158028959172093,3.86087343338797,11.176590809335654,3.8743346787054063,12.973464191874644,6.197545010191336,12.840903780267984,7.971445838228509,12.21841793016978,10.531459441924447,11.653413874080702,5.0134577932515345,12.253516607889932,4.966707314150316,11.00740576695788,11.20675798102779,11.631604524946669,4.736902474877422,13.4276794956259,5.765603697051785,10.199022004083885,4.993647192096616,7.192628171260822,4.324537012552497,11.52194389765676,9.703839567568608,12.152465484813453
219140_s_at,6.7287776506818044,6.3702305536934665,6.162828351317908,5.648379154858331,9.240378733924729,5.905081283751513,10.261048864829482,7.180098120428915,11.62111321317161,9.92463289767334,11.372195781629031,6.050495167430255,5.834832547543654,5.581676630406834,11.30574257466597,5.705925388838361,9.814965318061704,6.3765508618627065,10.61177177971231,5.552260243973962,11.54154678215199,5.53740789958118,8.930692991746884,5.673553597390509,5.562886531534009,5.795590339797847,7.754212750882331,5.749606668763495,11.847210066310128,5.962232039384302,12.063516424366377,5.185113293600047,11.918375052800826,5.013949031422339,11.251216096965242,8.958784687942808,12.580251500067188,5.837340311523947,11.060560841557685,5.75949941854905,11.762066388686655,10.244470873650606,12.065981522631244,6.115178937131448,11.933930346639078,10.930375140169389,12.034757702834536,6.766224105004787,10.421054946924242,5.951091176832983,11.602949343376448,5.408891847064354,12.413093694494703,6.08088999357247,12.511092914627302,6.167867694829701,11.607792641919213,7.49567917522342,11.63867573984354,6.680282155708831,11.707794808512036,7.022023744724314,12.806122630623614,6.779049552837458,12.369744552547964,9.262456648592677,12.800214376063302,6.333699222098663,11.943390266192742,7.076217021617047,12.195070717237408,6.327389166805502,12.516098889300062,11.23731753135408,12.423848629940707,6.854457016312275,12.441100084127289,6.768713657030485,12.155068027992272,11.233020426474496,8.755211404270648,7.218073980939188,12.316488020376278,6.138138661567459,11.29149880892506,7.325584296706903
266_s_at,8.381767881601638,10.967053298014052,4.070578239873024,11.721488014412,7.059528335259631,11.32155046512608,5.369201232313115,10.106209584103755,9.921818627184864,10.039714172316849,6.0568652772278995,10.88311673796879,11.527178857376986,11.244316259891209,4.5666994902784195,11.66064665254757,4.865513061362866,10.498270816159833,4.11230813344692,9.358185243935134,6.4313956404550945,11.4822533551909,10.478446063635571,9.026736442170511,10.907168588180474,11.358535824627369,9.517458774712985,12.218778141181806,5.027154051503727,12.710343681339076,7.885824471651642,11.385031911141748,5.451082500141906,12.148308152000626,6.026505737237084,7.2556801147039325,6.178822182076382,9.886097405117956,7.822111899684147,10.57530287507339,4.517767007851528,10.49559523846325,11.226068939865469,11.824604783498836,6.216353973851951,6.583977825961313,4.966734995913028,10.55116029869422,10.193525360501216,10.186213305327636,5.382466672377503,11.236576326706151,5.6187672336456185,13.160352049937028,5.764932613787456,11.723311106038292,5.956686299714397,12.770403738415649,6.623571341242238,9.690607407533436,5.170145396349377,11.797248110181354,4.8807834645735335,11.48423381616306,7.809356560338577,9.75912253635544,7.330845189623416,10.411521580447788,8.960285807980819,11.818398433853854,6.420468927728918,12.300446944505516,7.127127670135184,11.143262027619071,9.387601643174555,11.907104729761274,6.5629460435256055,12.094984859534922,6.86193055830849,10.298188611819231,6.901072030335112,9.842237186423992,6.211987552442851,12.347136882714258,10.709040720657066,12.65652318486816
209116_x_at,8.97654693984849,8.190891363428442,12.905858925289897,6.493524051543803,8.225496670112252,6.151231721681947,10.824688309277889,7.197580393200981,12.2014347662979,10.59022211980458,11.859600785453448,5.2425948846989145,6.025657842515607,5.465412944502066,11.276781612573542,8.02861887658253,9.661405798796109,6.192675509469958,12.096161685855645,6.307625242921919,10.531147490998126,6.019813091958951,10.43976856319515,6.021601871604311,6.8993690082759755,6.158250168752236,9.80230147964454,6.011148967521732,13.24575026113968,10.60742279123696,13.597621954338964,9.678901145953397,12.883542542947026,9.778420509241268,13.235495218821296,9.949543687207932,13.40448965609838,6.7394565997686104,10.40551379212568,8.357758717451274,11.518884243732344,11.177182806946202,11.575940989970784,7.945830064076708,13.51818594973486,13.127981428201709,11.726371448182029,10.031963048628205,9.348745855902122,6.618667405959346,11.953301620270148,7.512163664487132,12.884399500148657,6.0094658689988,13.304251487591378,7.204189635460431,13.512962626657988,6.593882582548798,12.980946404164754,7.186946180796648,12.553048451457036,10.958037893193929,12.948869094102578,9.444611165963687,12.832480638827825,11.36858285029686,13.37221210918907,10.017880162745133,13.548508873239555,9.94330747641454,13.582600691396456,9.53913554164552,13.565304422385156,12.94452722906309,13.229903309580353,10.268904529098716,12.477178947543438,9.618378160280429,12.71924976445177,11.071542807992602,12.641771793773756,9.684729337612993,12.585281811940556,9.346617887112384,12.537364021894394,12.062079876686148
222317_at,4.958722059040361,3.7538398321186346,4.387927706275038,3.703089622357695,6.816663699750158,3.749791677276384,9.505061236797609,4.326026734724139,10.614783449127389,8.031235275183755,10.35818964045874,4.556760467698358,4.044534010276908,4.0776702742327515,8.790557024837469,3.890154816553701,7.540399305630624,4.164577130116728,9.64974118646937,3.99533074381289,8.022844933253369,4.021630740539183,6.535359369358729,3.765099750667857,4.8602228918402135,4.664812756552249,4.585437309697425,7.218878015704147,9.689529805549496,5.209090696700262,10.54798378475736,3.51850996083855,9.894303939025122,3.846463228163002,10.908490198303848,5.372621326335732,10.293781996061773,3.5350824858989043,10.03826057517535,3.4493778072275267,10.030515410817168,7.418636925219392,8.31281036502844,5.224090452699772,9.586293749326543,6.681491432324627,9.054360117597708,5.042267856938588,6.1555225796574655,6.029589816049928,8.840035145656193,3.997852393448017,10.363455837576142,4.327981908293216,10.707609338589831,4.869022512336869,9.04896633034243,5.318447003436711,9.158084517279052,3.8968627579812822,9.820477365150754,4.270439238345897,10.572955967220754,4.490756231237048,10.5713734359732,5.633811887465025,10.25430822309289,5.498151918235792,9.248473166590376,5.800695449724424,8.913436977488214,6.134424266561044,10.976134472831657,9.186163773284962,9.382059806288446,5.216897151389064,10.26103710792978,5.09203825662039,10.779136579046432,7.501542646057238,5.980930129292546,6.0152031627729485,9.276066230914228,5.068301061936282,8.319834668977236,5.997904316603754
205382_s_at,7.039522271711608,7.657411350790849,7.838176525985753,5.5733836159778,11.40856857779151,6.30583922830295,10.99957727351139,8.35158857953675,11.893218091826029,10.172427508645482,11.667040559022988,7.577353292286581,5.856973244119129,5.69240487899626,11.66580667065118,6.808101838608145,10.73342213484052,7.356416755267712,11.1367220230804,7.009750253530575,11.655642520981331,6.3271735640522015,10.539459341270744,7.335301020965862,6.766316878133289,7.764937920017769,9.079268763406562,6.5118427699855115,12.330331504591294,10.112374342932272,12.903109842550466,4.9539123972993675,12.92351876726576,6.89305878572208,12.983196706680982,10.38303462290895,13.361560027213258,6.081931822206085,11.849197869704057,10.324495609414578,11.905853285719964,11.296818724191263,12.682217741288255,6.966638107419686,12.945811413410487,12.198346812063008,12.249999306032766,8.919941874455999,11.988862172783447,6.813075701174315,12.192258904573428,8.449132133749723,13.235884092264952,7.223605964438256,12.54034118127107,7.487438112928715,12.509569667889938,10.89680161979468,12.132226587785814,7.368323111909687,12.439210152704431,10.604395700789311,12.912185776043966,8.384092990267659,12.161220079985178,8.935005887541054,12.908538984594117,7.588429815720917,12.909264954796631,10.711193740160178,13.076670318360684,8.049004462075134,13.033225099212371,12.884025478983135,12.162715458113745,7.468575171686629,12.62983925927116,8.413323280899062,12.79962970459304,11.738679185329252,12.351284348675115,7.830337731102667,12.860390598849069,7.086284866720766,11.97849239407007,9.119026697765864
214456_x_at,8.299936052157706,7.914307388980865,8.30478480664348,5.330239279603313,10.801077799774797,6.250127842891939,10.558382444988156,10.149874111718214,10.149188220927554,8.535003144326215,11.276519928724229,6.965657321912046,7.789240185626183,6.355726368582317,11.852494397415628,5.711982146924707,9.045677765300034,7.121378101963015,11.359184009648912,6.8915650044471555,11.73112382966738,6.6351797522770894,10.551746707345355,5.737797608906734,8.684306804112998,5.128656339010148,7.579300850494164,6.672071696905161,12.59833170444094,6.133399125417198,12.139046064862212,5.123488248677563,12.585781767681958,8.294758579413289,11.075632903972704,8.576684628472885,12.520446803992868,5.726730420995368,11.332215614988112,9.680456227435617,11.977905957374304,11.838226960830594,12.321392620412771,6.334716641956897,12.737308616120492,11.460824458322683,10.40992124124968,8.83665950465127,11.769594068718286,6.73266265747083,12.428650671665444,8.200442557982852,11.584027639582269,5.548205405039983,12.74207781145733,5.762994534962279,11.9518092359838,8.995309259226852,12.357568498750636,6.829735418063636,12.322361965258365,11.10552880201787,12.89301895644735,5.745982155726197,11.7066427838793,8.47249183309847,12.37861999471225,5.802418135731869,11.450381323596831,11.673980351229854,12.4911766744805,8.591163264365715,11.283036248329616,11.40876492528426,12.584011191878757,8.30622122034364,7.413873293238281,7.384015259086472,12.56521634670942,11.830523129497868,11.442067455996826,6.356694929979972,12.526604380875954,7.147143857193023,9.379610132792346,8.803301313681882
209173_at,6.17163718539523,7.46102917431935,5.545183813908532,11.524845305265204,6.300184140735879,11.594053956572356,5.724953074956393,10.61310800532134,5.063343305135539,5.9869273913403935,5.578585541584683,9.77370628050685,10.222493052246469,6.939708492802911,5.998037502241182,9.326474430193002,5.382598090251157,7.8097616988574625,5.7716294404443005,12.48946666936556,5.684294178801547,10.311396395246929,9.802926659002,8.760796445693217,8.484174391512765,10.869146546155497,9.808706815057564,5.607126102460837,4.970665024354274,12.21958601859484,7.528469739062438,11.554732730311557,6.154141655550041,10.102802456629982,5.821730620760813,5.585443318936202,6.188545329313747,6.274095760428407,6.288347487214809,10.179996146571757,4.913751104050634,8.06638523555586,11.909443108705556,12.041073879113078,5.916849212926603,6.170640160448231,5.769451751236365,5.881040523639607,5.317336632840317,5.703399753113229,5.470475043276867,10.049576317155973,6.072558179984112,6.19057140488514,6.404955901044535,11.407952828593483,6.6863464447277,13.10855059232116,5.741957688917117,6.77158190466551,6.458964306498402,10.63152267893837,6.629397422998707,12.34421544767953,6.459377516558844,10.585009462686,6.465662717303006,12.086839483558403,8.358488572636398,9.211304286290469,5.9785045493821345,8.23679872808771,6.228855238307313,6.730436171038864,12.327061370499464,6.790133420590676,6.351907428544783,12.814256000193303,6.581551607566418,7.197039724772855,7.017710386274405,8.707869852355957,6.277730022209838,11.001246321965938,7.11912788444629,11.507844182446975
209189_at,6.083094202675277,10.53951750116866,7.871246097270409,4.611054315062484,10.14211982445881,6.715385483247574,9.08698805281612,6.855030404706559,10.934730259847033,6.2035809690170955,10.668645696818004,10.014006517684209,9.575255596073536,4.772313254131418,9.647963820847345,4.774628947371206,5.943002358728853,6.179288100036805,6.325339638573436,5.36230155281899,8.627781911856081,10.054251570833614,10.68074630031499,6.984669092830793,5.844942977633639,6.103854282873102,4.92246428461769,7.169925001442312,11.77081253157166,6.36747940350476,11.131368264554398,6.430710122916431,11.550280238557551,6.529519572906987,11.317214738414837,10.01136704468172,11.582842925380284,6.742060122230166,10.486060684749232,9.763185803715253,10.869046270884017,9.856883009850812,11.867969801185184,10.043232391531422,11.374425503526885,11.473827490899676,8.074211053042665,6.616667930123327,9.145162842947776,5.577017865790052,11.554094759136314,10.469306031082706,8.086746620002346,7.289530183753881,10.980368105287488,5.948953535842269,11.631713645735427,10.37512633806909,10.631604524946669,7.559032867745183,10.80269406577202,11.753007768945244,11.847527202809667,11.810900942904375,10.473228830666288,8.291617370531855,12.148613218630086,6.8872449902578845,12.166605617031854,10.440806891660694,11.983499569685076,6.063638835707774,6.401732849522621,11.115238771552477,12.360493223941656,7.653346692722177,11.699763296291916,11.140273797987676,11.193999610119228,8.847887322691728,8.343745359235019,5.8749321814898,12.362450710843198,6.709745542363115,6.837413483872526,8.342599189015965
213764_s_at,4.686024219133969,3.6214541123321577,9.687391431387136,4.127592012115039,8.439490164144342,3.476018699757825,9.005242773926517,5.835065071525283,8.303744223789682,6.678255048131457,9.83375821732218,5.0787421781355695,8.279443436949109,4.0874034349373405,7.84520775690671,5.872580082473995,7.410934642286139,4.255614029357302,7.68461538848238,5.242152784455736,7.749138679017724,4.90508609876177,7.792920407490265,4.098975318167322,3.1946339492956324,3.4784929837307272,5.191416573591011,5.989702166283501,9.523189473115204,5.140970838749696,9.879008813992655,4.362561062512525,9.878084641655086,4.783461892894813,11.792680502169391,8.70216922150775,8.705915715211214,4.674816535714731,9.075350785368004,4.912156428633499,10.58235841673379,8.969254118315456,9.763750164369586,6.431818492476703,10.148425737404237,11.816923643001866,10.228866779529096,8.008787150265492,8.585762523765764,5.4535142868907895,8.974775935354897,7.100052546672995,9.683536808741428,7.05408873537293,9.415454468051983,8.611463811603619,9.516978382348617,9.613218534079826,5.098242680003582,5.539887730879532,9.71833251162842,6.835292504380046,6.316554882414581,8.667093796639437,9.110548559134022,5.773864493883331,8.811342579740375,4.676842836728303,10.002646269476577,6.501469400035646,10.379995604513589,5.603475020963744,11.777210101818348,9.390783744386813,9.613174323592576,5.744336038652728,11.049460602873657,5.1057828236738,10.012652470734857,9.127236029965555,7.113554655591667,6.565289473703379,11.417093001817085,5.036208786403793,5.557370263246243,4.444938672871149
209016_s_at,7.67041548482643,8.814047263765309,4.983436009356703,8.712709260290557,4.6059979802325195,9.871238395252348,5.143360763388331,7.468143403894443,5.008056554871058,5.165658741822825,4.278586983946285,8.660641305030511,8.433080461676921,8.861328886159322,4.7549462774308315,8.347630226223465,4.724011721514634,9.3937701205273,4.619078416807773,8.70897349473334,4.684498975769093,9.901402437343917,7.199907867658027,4.051754913303154,8.065222236359348,8.22325842245364,6.284116167551165,9.328113894833656,4.1091348594440165,3.8940222432227407,5.214183102735353,4.775582628153754,4.041435749302514,9.854299606263966,5.114225413985441,5.26149696642253,3.890154816553701,4.824757671773275,4.012443527241538,8.111573890773961,4.22471946557882,9.144043819602008,8.578070722276552,9.079170076648952,5.539344953297941,4.83361371118522,5.100775858083134,8.366234775533046,8.369562450738512,9.298174862088876,3.9780125349367026,8.779837523276452,4.207924078468769,11.099203139107338,5.669826150923538,10.03437255498994,5.317499444207569,7.1405537283085465,4.602367795786068,9.092072623213546,5.299643967015161,9.848147179461796,4.723847945153995,10.0812037931262,6.227198115009963,8.97483615081504,5.498534910048095,5.892143269128676,6.336415509825556,10.357189085984258,4.634256367951126,11.221587121264806,4.293973688324027,10.669514032290332,4.808395348228485,10.836855135442024,6.186538193365386,10.55727222306003,3.9852180570523865,5.192636061070212,6.2481059410066395,4.002963495876736,4.1617587206318465,9.150897261020672,7.372203401180045,9.538947433043727
217022_s_at,11.689862603246,12.64873730689528,6.28751108069441,6.451700720660153,7.324738610853744,8.381140584318823,6.320820401311675,8.100178731752235,6.258119377032778,6.573533584986008,5.894977784471133,10.57515157681967,11.40380560719587,6.129196452645558,6.826256105366279,10.35144723887605,6.1122122025027945,8.836419662970965,6.441279291383202,5.999490458342441,5.968657578347155,6.350585644807325,9.080279247335108,5.913712814187358,11.603593893254612,7.423704216416829,12.027090449938612,6.077943664029672,5.551469875257688,9.140395235619248,6.89819625742917,9.88074214723691,6.23819835229252,9.91240885673892,8.716798887991944,8.94467692648986,6.1902493996548795,11.630194305773731,10.593204354063287,12.814786719761733,6.764327575566543,11.476741141842725,9.436855179947312,12.140024499240768,6.268576619887349,8.171211832318434,8.53213770237815,10.257988840427188,12.284416387307028,8.912826478852647,7.2695755516912675,12.03262089896556,6.682812041374319,5.68555616335517,5.9461202520085745,9.727132541565094,8.183109315927208,10.797718259936447,6.0489140337557705,10.55167942665483,7.642427214224578,11.360133788653636,5.864775485929636,11.604534697231808,7.043858474046894,11.156740421183132,5.2084353216396595,7.103634013678865,7.36312726282903,10.964427513541274,7.579919291675646,10.94006394892443,6.195784593129947,11.879303719514157,8.270570989227085,12.432074671315217,8.044891326279307,11.205561129067105,7.230010825714987,9.44936534294762,7.212267773177273,7.801966970141406,6.7470650937257215,11.723336706844648,10.976377957205523,11.788139181140664
203548_s_at,8.307801901724998,8.465905102498196,9.195475560957227,6.607851069654091,11.015819229158632,6.6745171469704,11.51347594114919,11.187185027654774,12.431740470561158,11.14308979789486,12.010737886325634,6.319442716455271,8.875629569743909,6.5064337432078405,11.86956299961785,6.49526983743357,11.109380149749216,7.016786006510006,11.525682295770338,7.1532682780025665,12.176999002112572,7.553444985771448,10.8815881515204,6.5009135644860585,6.704512352241858,6.98513606736801,6.249729756077571,6.558056358064605,11.978234963411015,8.66193126467008,12.400500572383663,7.508856453400461,12.128116796589776,8.451297670938034,11.94356242441294,10.782719795954677,12.67805869678459,6.533205121684762,11.962429728441585,10.466066262031529,11.95357445044525,11.342430296284885,12.477363646513774,8.031290422390303,12.414460622941336,11.75705242423942,11.157290085488963,7.295438350667402,10.947439695273646,6.287372555994226,12.045056568660696,9.866767372798789,13.340128273700588,9.519789555614992,13.1749100823402,7.22134544356244,12.46031766127661,10.767340299870744,12.587182129454073,6.769930384673161,12.13477604152968,8.869834400871362,12.775593820938992,8.628401793825192,12.285919438661754,8.365110716238894,12.802681950513836,7.411256746220791,12.516303298608976,10.931985851792776,12.502046111813875,9.33173656196093,12.57238048680616,11.544409071795236,12.194208969434772,7.799585996446108,12.76456892468528,8.86452046442219,12.226207455259528,11.559185865787734,10.680297981279187,9.750861044097526,12.753876927818368,8.6654034308906,12.369987137514558,10.018700931064458
218087_s_at,8.744484050847113,9.733047531908973,9.569472104207406,5.991120443249708,10.182208107083609,6.47842502999411,10.768688848919156,10.385722221667548,11.014752793987824,10.388071116245344,11.620462698446543,7.894769268541946,7.383030301450783,6.07721308492184,10.937307606253684,4.86331407228588,9.8759520362189,9.826402303735495,10.880272270579898,6.194496850454774,11.35160735030163,7.617225006034927,10.319943024157046,6.2641310382918265,7.714128723340122,5.971499870092962,9.149587093398184,6.419926479467973,11.387091079340388,6.701327257412941,12.38452475391513,6.954777925005068,12.068502876949204,7.836467003303008,12.019549031366855,10.621227710051974,12.65475908194504,8.269131355624953,11.817819088792586,9.909255577665672,11.699845697967486,10.91837878002563,11.800730065956458,7.758076605472089,12.36923471862148,11.627862146880965,11.372620238146183,7.406341082247486,10.25781210237543,4.637332020130142,11.459774832666152,6.576123013677393,12.420297118362267,7.371123200509637,12.583031040221474,7.745909572503913,11.97621325168476,10.483130535903705,11.899209624548863,7.13815914522947,11.485220511858296,9.776110569696112,12.298306052092888,8.011255214358554,11.918326598002096,8.032954875679051,12.125704046754995,6.633904862030019,11.908767882849189,10.236026154495937,12.306121515588863,7.914020300962429,12.421836040920684,11.77279291835361,12.000947162076756,7.41674686880739,11.533665543280168,7.175285063489487,11.93465655367948,11.399924081526242,8.84096355834163,7.05409959164212,11.959817237899188,6.482181947356476,11.861164468159918,10.42490109912876
207092_at,6.192077750565494,6.713173403086726,7.049423844629844,6.960326357123217,9.23909009551036,6.948962877407852,11.26380321563924,9.742393654001823,10.998357718229236,6.813383593800943,11.190367937546275,6.561848491797639,6.206436149880378,5.94413691789008,11.625695146527542,6.262583493174743,10.360199646094005,6.838132394050145,11.108472184271744,7.1899628928680315,11.317746113645532,6.528000816473147,11.339109541135564,7.101765618163815,6.407158973712823,6.311701094630537,6.455739829621098,7.293269312477009,11.286782984645829,7.422804851319377,11.844595930266092,6.964860664245848,11.658251656249902,8.136340086810579,12.119245926604387,10.78554237836222,12.384497772472468,6.760101160540198,11.60761235155609,9.823263731722042,11.75515881686314,10.93213353348243,11.839073845191814,7.106254085591528,12.86202900395908,10.476331053008389,12.101647450030766,7.269603601588531,11.33726508630012,7.085350292993077,12.422713938017544,6.711990403816438,12.13458354487633,7.773759020226867,12.213225755806494,6.973737540247383,12.211082179440536,8.807184235985199,11.055553593295596,7.162250325492602,12.017163347500412,8.267666878111738,11.893733819492107,7.805473039171115,10.840116995871398,7.646184262852354,11.939920748831176,6.978207072331712,11.421423192069645,9.306918391310427,12.3435244147072,7.393338970010776,11.404396516762972,11.0845758905887,11.73862008132209,8.904944651137667,10.593615213354612,6.517738667323628,11.745943176301523,10.71484651540066,8.90284839760144,8.421976435200966,11.07044970727971,7.961438118062556,11.129366742352651,9.58703488567236
209160_at,6.6344306366501336,8.475494312815856,6.95282276952724,5.169912978933544,8.08549370441892,5.348756476800494,10.613540861266811,9.529008811684395,9.835913024158128,7.015816442120344,11.276932786054342,6.196390655083868,6.074610329358579,4.657331313182508,10.176671833882898,6.012432352940266,9.416751090441888,7.402491962952863,10.30756513757253,5.875829200346158,9.399946504920733,5.820796763214008,9.501208231778524,4.626404091047992,6.892318160687453,6.037568916802285,9.545095756481128,6.496163514837161,11.528722698582367,7.30159679144642,12.085070732523349,6.103489247037617,11.41425183374228,9.562805270811795,11.326159799292585,9.374209208314657,11.650661357071789,8.439365490437782,11.1815063633501,8.457471172949285,11.89514354525495,10.648941732751346,11.90176821072228,7.046272771010386,11.677508242264722,11.147631054982291,11.516118592663398,7.831231227132041,10.273107882763057,5.915432462460643,11.160117229749622,8.265207143273464,11.799119693799556,9.17806225373427,11.87012193797173,6.074760163266023,11.083173470157444,9.847873232733969,7.79227623245268,6.925228034922506,10.794805731246653,10.483070057801806,12.25537385443706,5.789134525647798,10.58286644107688,8.63672611310713,11.700418042872483,8.310553709472115,10.816751685786594,10.304145941202943,11.970429489795285,8.570504675070282,11.840128800807724,11.141941073988887,11.908974235391945,7.867525861162971,10.834344630860334,8.321256183567451,11.254934118606489,9.855910299570494,7.59272611591164,7.164273409290084,10.63851736875098,6.120542716538536,10.140842549237586,8.211863965588071
209602_s_at,5.908020264328042,9.594643715915693,5.708849377105179,10.462256860648234,6.780900601148988,10.649202277567465,5.006235179561583,9.045197214619762,7.236597850918954,9.304828147978684,5.60827700289707,9.81814434976587,9.718664724665132,6.628726943031326,5.4024015726408035,9.768860843050492,5.146162347456631,9.455499840152916,5.50203457187869,10.731013486781167,5.2320697446962985,10.022131968601268,10.02937005875535,10.52371876221345,9.493122910473964,10.840447497581268,7.652551027547257,5.920662502851948,5.605686925288952,10.53910063674802,8.448074996441804,10.76750583387291,5.575826622727548,10.399993486141003,6.563078792199616,8.869677117729099,5.5024960973022345,9.723043123666828,7.360074514386795,9.340624575586228,7.017509968662746,9.542081959019852,11.13804136020105,11.363543444871697,5.469915272582079,4.842400632560525,6.003136703546257,6.733883051115421,7.424099087483984,8.45330767848614,4.393100387586875,8.639908629762044,5.468733182691176,8.997168187781554,6.397015698098326,10.902993064638611,5.39719030235294,11.560437927374323,4.645505689567414,6.93060725263725,6.508343077133388,10.188625932506772,6.308754029712454,10.941942592131523,6.611498484351357,11.809036549109264,6.388890389913549,10.75846475429924,8.73968273942163,10.593829934153405,5.752951924301494,7.3339066980908765,5.29021057896381,7.364519906034782,10.12287974975524,6.032625444322247,5.685015047394151,11.134079723732102,5.692602948885535,10.3415410611477,6.112022407276385,10.094909008667482,4.760157061876837,9.93880183008534,7.40735275114004,9.519357121351684
213071_at,8.053127631868747,6.697120478564184,6.687088690689267,5.984648588045619,9.619073646817748,6.049099242301804,10.105096600548976,9.533514681353058,7.761385013763394,7.191631736073795,11.26367999889014,6.78769364724671,6.663415784493286,6.765322569725947,9.371186379670156,6.55158215245197,9.94771290571586,6.42271067974663,9.901874531565287,6.405813713026738,6.970911158577129,6.351479925134684,9.620102498649638,5.782914363139975,6.771040414436778,6.283127256635395,7.071043973965051,6.366208542885785,11.656357821987736,5.740671262256917,11.827612638425927,7.140021942107347,10.64248497805714,7.171156777460257,11.583341376093951,6.29236765104867,12.072484356403768,7.2011535362673635,10.89488595631478,8.853297077987202,11.035651399846875,10.193500719897266,10.380569290214927,6.589207690715254,11.64600510585364,9.267992186044935,11.552755541364968,8.978126971875335,9.570827201963688,6.626345679740562,9.750214560534042,6.273251048052506,12.357466781929,6.818211470666553,11.710169303576588,6.549607568427504,11.89511703086984,9.684913390275584,8.763929385680244,6.572131751386659,11.03300995719406,8.956350018602478,11.587130548947677,9.773437607631749,10.931948929008138,7.661436085077708,11.42906668991946,6.39191031924456,12.185730295355665,8.13795941711802,12.239547813271493,6.540149741823094,12.479904019325042,11.688272167983351,11.954581656283828,7.1668359322825195,10.31622495436074,6.394263747610098,12.163023785445311,10.110652951904688,7.026224636766202,6.609638258455527,10.506615032327138,6.948145261426398,8.542776521869731,7.53536870158332
204719_at,8.297218934647276,10.11643493913717,9.946833187749986,4.757498019926028,10.419918054750005,5.94449538433062,10.736748610040724,9.746824996163092,10.222022039132003,10.13745229077204,11.029577117419066,8.178007459681123,7.403480770029469,5.284414189393257,10.09525195475474,4.1861360345982295,10.2796918246642,8.829827366316728,10.273923781285822,4.568925909506296,10.64079623687332,7.620249155731138,9.984375732747711,5.517014220415166,7.306298700423631,5.5844604757350185,9.015902837803765,6.083626115746525,10.727256798326366,7.646717100915038,11.82031460767364,5.612927456803126,11.904190531377342,7.622198278523645,12.485877095926105,10.289488685859675,11.382775312504425,8.745751624169861,10.369750004343564,10.162630499208218,11.055485808624788,10.036544543589196,11.674412981837063,8.412916983302134,11.853079485688406,11.422953032976997,10.94606555370746,9.389992639922289,10.689578725509325,5.7875447788854055,10.744926314986897,9.079882070267873,11.467982476238948,5.920872072633049,11.750208697310953,8.824911021049997,10.540496174359612,10.461162224141429,11.815683492459163,6.461757727574255,11.476123432735209,10.825936642159578,11.361406500019234,8.607744566691983,11.384686631975145,8.990801736052184,11.588194609566951,5.988377939470281,11.572662335115352,10.463892152320264,11.673803730018257,9.26178230591568,12.21290062362597,11.283649806435887,11.01737216540254,6.231783746084243,11.63483827057607,9.245203279806107,11.780998994672702,10.75541338887152,10.348230205754655,7.757423346821803,11.394848504990664,6.911859327357197,10.556017409862957,10.059628374740642
201005_at,6.155783632256182,10.343496655464364,5.0175611891453045,10.399801280566392,5.173743086569295,10.913861779972562,6.00511025183215,9.279831088783835,6.697009242114279,6.587807513574054,8.346766348889116,9.124485817750656,9.74958789845832,11.75143945153796,5.037417366399396,11.460896112225871,6.920329033628467,7.514927040554663,6.000117214210309,11.056509018266182,4.647895845714833,10.049617155275106,6.564675396538691,4.93571903243645,9.877902189421237,10.28757387417716,10.189997474292593,9.51252517807692,8.485861502374298,10.955170382362684,7.641415972590819,9.159124574081682,8.523001234630312,11.051440079944603,10.263280939096596,4.658382881881659,9.425259970402156,9.49497355473006,8.922307878246686,10.106850796450225,6.151390043239275,9.94529019434379,10.788775419550172,10.511535244983431,10.4992678962322,10.2835977220155,7.709297529318513,8.603040246987895,8.527179835014339,7.456239405652634,7.089667630432941,11.041323761341276,10.001126665454285,12.28312598302187,6.759781682771232,12.461870763610465,10.31076045154688,11.818358486490274,6.894393378824551,7.66410590411462,7.145494050100884,11.65646508655648,6.484366958781514,11.958567214805797,7.67818461126018,11.900051666316465,6.974873425792821,10.72940831698402,8.593637620496606,11.43058845131914,9.206743331700595,11.89045429283184,9.542658527805951,11.556300077529258,10.501379429724318,12.072534599722957,10.030680928676622,11.843198738052129,7.645982597119857,9.834488431747475,5.375317514431997,7.8204342840760415,9.776745555100591,11.85908435917361,7.671449070961987,11.630553815112377
208383_s_at,7.361759588143457,5.598490268412792,8.896589734743605,7.461389403934704,10.628472880908577,7.179212448378508,9.867136625704187,9.126988338393108,10.914228146434,9.333103904453916,10.062248559680118,7.005905201862965,3.9023727024546826,5.834420483663987,9.585738116478428,6.037434938276512,9.346422869326304,5.52781164121939,9.027311660690028,6.76572037532619,10.865632758049657,5.876504668257084,8.81792059087419,5.751592259695935,5.829806440677655,5.897160542597566,8.00963269979268,5.898544555133649,10.117266471168016,5.5903654828463605,11.293270462195588,6.002747519523349,11.581304165970286,7.730551652670518,11.483659611178762,10.379887336341886,11.722504448010575,6.814294058282832,10.492233757297129,8.855594222118532,10.442394089258457,9.868135761067062,10.937506238952912,8.278584196392824,10.291320372607352,10.12555553730601,9.043781937050827,4.914267917765731,8.571691976996345,5.206299386534719,11.192964682613866,6.184034269338168,11.111813812294509,6.467452306539022,11.682156278271922,6.712348157073555,9.56812333470971,8.756899859859905,10.984325884086068,6.951517858962451,10.816655700753484,6.91537748457401,11.095812364222851,6.816702094316857,10.584896751402075,9.87552360073978,12.059668929310886,7.338192623604436,11.19819945543749,10.018923431842335,10.84162724314609,7.395602680591621,11.634202993951254,11.040399323323186,10.390222706877,7.048421481233696,11.60874919072281,6.945806659280534,11.109504215757006,9.836353383896254,10.605146122536492,10.116343961237469,11.528659218701664,7.110237945969511,11.253108815655365,10.151803018345962
202345_s_at,5.410724388297899,8.705729139712618,7.853864691216344,4.503450509005569,9.584782152569051,4.834979143115186,8.858764315086454,9.489404449153422,10.528024266222822,8.356090976187504,10.25696345820926,5.334031884686876,8.132545997948016,10.805066694346438,8.618697501797978,5.560412323563882,9.1761556920178,7.95289264215304,9.998322455633796,5.852970131218056,10.35386358302841,8.499666535391668,8.453879689072387,4.43013805168668,4.345836327451059,4.254503342673237,6.521250224709117,7.9738924864025105,10.156196868955709,5.43435800973504,11.232031119000707,5.824541300672426,11.669589322476227,8.6928177263423,10.70697079467165,9.099673925201214,12.227886648944482,8.630143330109586,10.609557372809109,9.08759808757085,10.615004241635033,9.3489073736177,11.805082821321973,9.632062776805986,10.419486222071036,10.8690694119499,10.089132642702118,8.519270618942675,9.150587600090075,8.354460976395416,10.957921851545905,7.664596613089862,11.533850449285229,10.521924273691678,11.136343932310462,8.146604313113723,9.441593447025385,10.266001744746951,10.938697461180864,11.377676890242398,10.555959911355878,9.729855226164087,11.155482355144429,9.30841867198911,11.092030325751864,9.480562017145706,11.44890611187537,7.80665272548495,10.86493670806521,10.13542713148483,11.016125770505155,9.691419007129731,11.464806085821309,11.077723674748771,11.87540380031814,6.448289790158527,11.981738511508686,5.620958765384137,10.604219619402238,10.533962354565867,9.742580600209571,6.146799793900871,11.750832578120988,5.5345659095476005,8.6147981696792,6.668062378170764
214677_x_at,10.746430343430074,12.192218828212596,6.8027748315600185,9.27325244699176,6.836277632653617,9.245852147295253,6.945092630539956,8.225221899979186,11.423546657902286,10.492253789302918,6.517349716056088,10.018714838368457,11.017803626645506,10.552111890640695,7.303077491242039,12.76554303387962,6.269149126093741,9.16587175188459,7.170295646302566,6.521058591273316,7.018111137991671,10.733278068300644,8.423195765783387,9.94286780506889,10.24395939565487,10.424155788815982,11.279302974499668,6.997845620724713,9.074326137310363,10.68096601367445,8.068015086599297,11.287862412032148,7.5805450049624765,9.713652860488184,9.65495997205974,6.64662782826124,6.200814271716517,10.596888567027964,10.356804072494077,12.182602300051892,6.807857201635383,11.16040720349845,10.70574468859245,13.100984215923743,6.178401930421577,11.646068128440026,9.870549668630629,11.514018671263583,12.02965303148383,12.419035819815935,8.085748622870558,11.491156627513144,7.664838350344277,7.641885565786854,6.744093804120462,12.144999122100993,7.0651091169718505,10.783669454518696,7.65217813250869,11.641062773926237,10.46464784828104,11.681001164706991,7.7456810459202705,12.16773487671175,6.714108111595169,11.404609397837712,9.719758432107598,11.61275333504465,10.17113925956478,11.945345068377184,10.57501917783056,12.257087249912964,8.097958366732094,11.865296375821115,12.542889187522082,13.345821028950624,10.36273287432728,11.874820014906788,7.495631211958446,10.3807965365568,6.987195784486886,11.006634643394229,5.5255677889013475,13.156544513170523,11.597140056106898,12.394671688040187
211745_x_at,7.823379979019051,7.55399783958366,12.565642392638264,7.41861162831614,7.754793991121076,7.396878738796846,9.813494226665371,6.666827588909541,11.17819798458498,8.919745276951316,11.712303442767666,7.789624931259965,7.697189996990277,7.789370619370899,11.63175456390344,7.722875822809563,10.162819289982115,8.057016965365538,11.586117321541623,8.033290840213246,9.972103854562723,7.825779268604512,8.045366517780955,7.758296513767411,7.905212487033782,7.756923204089097,7.788744429820903,7.526303606206455,13.035635936720992,10.221973721398662,13.57984624269199,9.50560515637189,12.77798675286949,9.363041821135702,13.119202148359332,9.14558830285345,13.56171753888727,7.759302333428369,8.335850335812943,9.204578479968047,10.490840851027624,10.492003369236524,10.75987154304466,8.196995479296499,13.404396516762972,13.151111700334246,12.00565261691775,8.996716389034933,10.21429483280102,8.626231040674517,11.932236901671038,8.666355393045222,13.024317254863698,8.34655362279963,12.994563814545987,8.383937523716968,12.97275546902613,8.200403321393976,12.628245025313342,8.585003827330933,12.496421902645649,10.29135491039127,12.85962213744759,8.122853872513534,12.749433704565892,9.766807151302922,13.460353501260736,9.918007501144409,13.558181519860028,9.800319146812845,13.480297945093955,8.751503890686541,13.57134973219276,12.57221229897943,13.23272520420254,8.67502197647671,12.408260736043086,10.106248850193628,12.709068730534105,10.370752784255211,11.268694039597191,9.37063074395573,12.637129747233,7.769117142410913,9.98581348119922,9.910626242432084
43427_at,7.524330143427482,9.208724523081042,9.645127004908796,5.602052986863092,10.994820115648706,7.105342840286223,10.728796353649123,10.756781465453296,10.612757941711012,10.12571050334079,10.815687494659148,8.436703214869079,6.337525570452244,4.7951227436900234,11.021937714825368,5.878624810280939,11.385921703030434,10.248283397598058,10.137247340664668,5.552908822391349,11.205457273669214,8.920939342841207,10.400954130097718,6.678438167904125,8.682021928561982,9.156985584699974,9.145190871113355,6.927540949589466,10.528874062411614,6.099903213403817,11.409316677864227,7.685722943157351,11.307212195797064,5.352006336907545,11.720573466479964,10.160879861839303,12.234691713623915,9.180185165580165,11.3451169006787,9.305514592326263,10.842421062025664,10.437034186765368,11.68771247710665,6.463349441000992,11.39311690940391,10.523522751854756,11.1526017440192,8.7384875106712,10.893028439707736,4.9839375752636705,10.876171579288863,5.809959725178355,12.636060391089618,6.683794688951155,12.408289930752323,6.915724049268967,11.3524848869497,8.880079377877195,11.905593841669267,6.852885262692584,11.2494868217645,7.255444081707282,11.309902619183516,7.049957427986585,11.31647953512446,9.336881410979217,11.80923354934506,6.8848909234026525,11.282370300423583,9.29094731184614,11.271842327463284,7.484178420379965,11.483085177564964,10.497302989637792,11.298830120197266,7.637284194615947,11.623726058220752,9.493543265083234,10.947951009518738,11.008883769576125,11.136093953495264,6.934634441094905,11.870314625135896,7.3451035910085505,11.615850300021584,7.526374037117394
211719_x_at,5.888979417615721,7.281345877946534,10.890651882730184,12.070094103389168,6.472573875691829,11.133655992691248,6.5857107047249785,6.83613874504428,10.969264192885914,7.732818654198634,9.387541332808294,6.2792539835527315,8.880853854347787,11.889047582839034,7.1084930935015915,12.32395545963164,7.149635357109253,7.522424601437593,7.631191609931104,11.550001200319386,8.648875241365786,11.964748779438311,8.643675841622619,10.516547074253548,6.540434954079254,10.877981919286237,7.954027598279782,11.516576620017675,10.936115235405625,9.542542458655925,11.062747745782186,12.048633315773056,11.496843793304768,11.943031231898482,11.69382232768923,10.818222657179737,10.445646016228553,11.890750667532147,9.528581085783111,10.64469451265325,9.712767716120508,7.381594861316614,11.950679822072006,12.784248357621763,11.562967406205855,12.671777663449769,7.265952534360507,7.799631323387867,7.30312316768571,11.245534880424293,9.486326218479125,9.430745242706177,11.399528945494156,13.52571654819596,7.317285976667407,13.342949689447392,8.746541192972783,13.309362661808985,7.349497976220519,13.134299565422085,10.029052511075092,10.647323504774484,7.592561684926359,13.14533036683818,8.278063758717627,12.06000346102439,10.189799854986305,7.6547362619222445,10.41710355334834,11.791337922763818,11.350690610069176,11.783935410584409,11.54780550025687,11.443720600656578,11.168797455436588,13.06498858119736,11.603872027270162,10.745464248276845,9.61215895171063,10.50332885662666,6.701174750453254,12.664209482496007,11.992177145613873,12.316717103312836,6.551958909310996,10.747278293728892
205478_at,7.161323389614903,6.819259430117637,6.994602350999428,6.693124495825295,9.78036587902329,5.679716541365247,9.263687040130732,6.370603719350443,10.399769243814248,6.441008655984991,10.243709538156162,6.7588761113756135,6.983312871067121,6.767072094473168,10.273923781285822,6.043246064357129,8.438953990748173,6.316440841743506,9.336709616283368,6.902411294472257,9.24891902549097,5.56919029660213,9.001639007134823,6.118874644947736,5.089824381333545,5.308051372672965,7.137257588861555,6.30512237840794,10.493495230754869,6.122473941175644,11.15626008322601,4.764898122814709,11.019604627087086,6.440435671231264,10.57665439905812,8.184523302200873,12.065655105429409,5.869671566246084,10.28608410102149,7.231346000839055,10.33998357957477,9.26715653515618,10.22316910995019,6.226940040709251,10.632404552464624,6.484370181445993,11.290554572687798,7.275053621355568,9.154344726181288,6.402846647575168,9.969314564682955,5.247532616549302,11.161031079809243,6.461448342036479,11.3823214071145,6.796480950822651,7.522322587901778,5.690702030394919,10.473310019495049,7.115324616604849,10.053939453386748,6.4967323662469525,11.1287161325336,5.652773284510777,10.93230334873868,6.557050076113393,11.601998222400686,7.398367473514702,11.344578870345735,7.080753584028807,11.253569789684493,6.247566794591628,11.757540021848714,10.343818629848103,11.024627189956416,8.344504528729512,11.153438030229784,5.617756893597514,7.157862272012812,7.753403969758855,8.69558326566036,9.139592279337164,10.783137395257702,5.955726616766091,10.038205693766274,6.147707617846823
209458_x_at,7.637885521321167,7.309212574606425,12.125252013928852,7.426575068515547,7.789090172239848,7.114273313368032,8.296324328217736,7.198169982306181,10.241542291950344,7.8940173911447316,11.321759019155284,7.76938827410395,7.060749964197846,7.553222248676853,9.34604827259025,7.293949785642953,7.9987427296870335,8.040536314486857,11.597880297250857,7.82647857526462,8.666579084035808,7.0598527623992045,7.436761504736685,7.491452292037365,7.557907833957182,7.443532061683421,7.9237493860213,7.353120353786582,12.741730304776166,8.16690621190358,12.66245253361816,7.134015530058444,11.918285596516627,7.682313442772195,10.864627244689796,7.235114320376357,13.181408526826916,7.39387091823289,7.9083145539976,7.025261397022217,8.344739745802993,7.885897665580852,8.619878817893047,8.230299097592185,12.949682652874111,12.83660467594072,11.17418292771016,8.587792515029097,8.488402535029733,7.83165560229942,11.328411269228896,7.282513939537422,12.058096605312196,7.792978954597213,12.713349995988091,8.27834258796295,12.0534168447575,8.038485567127804,12.012533756553236,8.325683227553233,11.975410938574983,9.616116889521962,11.88381170905919,8.418101379406718,11.53324698426582,8.879754770037014,12.983118308250695,8.621246028709603,12.689727222369754,8.138369085998564,13.15623479785027,7.914588440653793,12.57130943487218,12.085196906663594,12.80854594182722,8.929356064688342,11.402175358855835,7.780808761138715,12.31499384697079,8.988761363407951,8.679293592725681,9.190772868537884,12.238915205404789,7.963109936234612,9.707514437780702,8.981784169304781
206201_s_at,3.7952370589569497,7.813338696885232,7.522314740407927,3.849178630878617,8.020329954893802,3.720169000151831,4.637476936250079,5.356893844824752,8.032051238649185,6.351647761825365,8.196587373707654,4.237762549352022,5.291445165229641,3.185520891249014,4.974015283756472,3.5734957154956093,6.469010067457551,5.192103402072928,5.247414885983263,3.566620346591921,8.084064264788475,4.080896387453379,7.908920961743633,3.453811224358168,3.571519063453668,3.8334163752704935,7.436286790167274,3.312366033068299,8.855105177699038,3.4832482593378917,8.982283457140813,3.8080039887969384,10.216515493537328,6.6959938131099,10.328069002807611,7.1339539014443725,9.250490290693913,7.926545071703013,9.121989305885664,7.725809309421786,7.9789506499798915,7.2523721334826705,10.189206834597025,7.18802500894488,9.467163300350766,9.187696002374691,7.728920467197979,4.605565447530672,7.34095386556556,3.4712134780972117,9.30032281373205,6.7684887145529,10.12972091147675,4.500993210230004,9.092006532884694,4.479398727835369,6.9761688495874745,6.689047505732645,9.318246783953771,4.3554955789526515,7.530601414516833,8.173717106521417,9.020196588636813,4.601238917071332,7.34090047229605,5.829537550914891,8.400256125687747,3.9278774957193607,8.559839749534168,5.111786692731468,8.163186731847272,5.48944980996022,7.090207713804098,7.602208914962836,8.242426254683513,5.097029219385861,9.204160284451357,5.352098174315918,6.422636683484046,9.256642729341404,4.912132471121142,5.445054586705259,8.668466648399333,5.242766352638227,6.314518896487926,6.414206583288946
200750_s_at,5.070174625154059,9.839795864551762,5.158950946834522,9.55447757569437,5.336790384649439,9.072151366451708,5.923821869197612,7.908710849304119,9.023898477016942,5.755501852559993,8.988025667674682,6.778182287983635,10.358684163845505,10.88500993863701,5.970878956486989,10.275519277237503,5.803914116496678,8.58083892113026,8.612293515738246,10.946906274456396,5.471795501696222,9.876216097934996,5.909153850632047,4.675002916193927,8.16864203555884,9.602921514595169,10.065968063587936,9.597100938462717,9.650696356853508,9.77752327810174,9.32803533287134,10.249231993040066,9.716178121003368,11.470450435830235,9.390779446078222,4.5615583177340016,10.321048684624284,8.61431599349954,8.976418056572943,9.389080611823973,8.854086062211795,9.169534218614508,11.13767001836408,11.59791753205433,10.77050697994322,11.005905201862964,7.919947831537943,5.974403117035926,6.873604061307561,9.93196369823539,9.328019619965492,11.305315078221357,10.418327007585749,11.938326228892388,9.751517280278328,11.92686302706818,9.720105711862512,10.687786823556252,5.828875259594331,9.072858794535168,7.28318097894557,10.438833428205154,9.931931205735856,11.089357785478237,9.089664982467394,10.702718139188256,10.121378101963016,12.004522459473655,9.950706063652632,10.568450194623372,10.303175693808203,10.898699629399568,9.97995387226646,10.659237787975488,10.81243404708044,11.21459840341267,9.942850215427704,11.344345846495225,6.567387248724691,6.714588975599155,5.866299722830076,6.1914797438859885,11.47083170243746,12.019013812982266,5.539413199417147,11.167499687160076
32128_at,4.662758085041791,4.683151832381257,6.326361170973305,5.584262022477726,5.557878739815314,6.057287797377614,5.5064178743669405,5.830762369138596,7.259686778603005,3.8577919399424663,9.737269317125806,5.868987953751649,4.278207827223033,5.460906348207246,7.385543204098163,8.929116351670027,5.803113352547253,4.751667235216932,8.243354904179657,4.901605471874607,4.6248553917872774,6.888633672961838,5.990671283975266,8.051953891700306,5.014417784601866,8.885360823845874,7.827469738380489,8.762112909871316,7.287620044112067,10.043997870285912,7.50747752951693,7.521639696197543,9.879730268367714,9.443865613871418,10.434836694516775,8.835264077233862,10.500403727578805,10.52596118473206,7.318099878398882,5.819647748577782,9.362167396060054,7.161081482277184,4.9235580604739795,8.455709422205413,10.495225458878789,12.200650371495414,9.19851625357767,9.933942883262151,5.662174161150828,8.495299422378375,7.029220958114248,5.084736118397393,10.370698303254292,6.8004340218240795,4.947334195898516,9.369261441664989,9.56540106139934,7.547503811975964,5.330038448540553,8.716325620226025,9.199635540922005,8.029408711961866,6.0922137820165405,6.768316676049061,9.54321166244869,5.163321604831197,6.4298050754025144,5.948425639108456,8.016663453887581,8.445006566389624,9.399521468904409,5.109322945196141,9.388512453879882,6.212971976664168,10.147052250722192,12.208295333172996,8.94411465723276,5.291865052273666,7.861440555624331,9.361421853473862,4.708402465208658,5.971842408023236,10.642972268333596,5.553326708975618,4.416630346819336,9.595442119677417
215379_x_at,10.180282152562604,11.018144528943756,6.656296141249272,6.934457528215913,7.040454121349624,8.510669237636446,5.470120330079598,8.37057843780978,10.36766591776923,9.705815520257817,6.1404596573287495,9.081067946010023,9.982779720647292,9.426648443781296,5.9510935087722565,12.359733091106856,6.257129454560995,8.36035549672707,7.0045238639453,6.77044586185115,6.097937304260696,10.029287226968243,7.35402011959809,9.19137264886499,9.342863599766304,9.664868564653244,10.934169998509772,7.506097286400789,8.595913865598412,10.082295432869646,7.4191849158974925,10.73393896108949,5.821748475534428,9.346316484876253,7.349418358509414,6.816356506426299,5.316963906538887,10.077777073288276,8.835778837663911,11.593082941422656,5.589230166416595,10.153007276662205,9.505759957300857,12.30093306821026,5.676543868231279,10.077870515976857,8.491267884664927,10.357661961939954,11.4886535808478,11.41265452194556,8.105038963902391,10.89900187050952,8.238371298986245,7.222640363239703,6.224983723526016,11.27302626752686,6.007372687208828,9.769811402240911,6.415775564556979,11.346197901295945,9.746910629947951,10.63772978002146,5.98274036804938,11.451056529082296,6.028871891908255,10.648213754774206,7.642246687339685,10.949133642244073,9.796399831907362,11.548788200236904,9.218362225648056,11.204344941277268,5.866524757731524,11.163184215440442,11.486090861498136,12.502215220965622,9.240345339310508,11.365792035707178,6.957636059189918,8.887165770686247,6.929601655236419,9.16658239519777,5.3792466555658915,11.29537291365216,10.457021699752977,10.800948420238049
208607_s_at,4.627227438822709,7.472528387305454,6.03871930209124,6.606649497012201,9.126402481811212,6.673499890945176,8.494047528997136,9.146339557321232,8.429996671647483,4.853067474261655,10.221659616681563,5.711814246542669,7.185311555867718,6.101732006879849,10.670001134553416,6.29711803244921,4.873631127810353,6.629172992661504,9.630856825554556,7.241945026778327,9.924199376371597,5.019390571809237,8.473941106826723,4.137323175597829,4.598782040133529,4.718827378408323,8.029182299876966,6.127792149007615,11.098690096673591,6.778813077758516,9.885693323240949,5.790180349033325,11.14754838287526,7.301788819765244,9.015590674136645,8.40903446156128,11.12803299860916,5.696995336954973,9.886251383899054,8.078695218949987,10.633240470789076,10.15204395044091,11.089291570661835,7.511918652961355,11.514063067420263,10.092809985924196,8.513913101582077,5.802911800000273,10.269851351998344,5.809555928430793,11.593152988423844,8.39778157450281,9.869616975525254,7.731780619587917,11.828128548555997,7.40843164940048,10.29470115162952,8.268878804251395,10.931926774883763,7.0675526757218625,10.69511516863182,9.44805640702046,11.110117859091025,7.761631010609577,10.290767655586626,8.679448430242324,11.004578637272935,8.112074551309673,10.308361785402235,10.150750053456523,11.359447594829218,9.105492135404624,9.574708938324504,9.773585960804294,10.936144688530264,9.364495830859315,8.92551883564915,8.30908521564341,11.281362107502083,10.433700184566035,10.0498893798645,6.74662180547276,11.413030207934751,7.626176273574077,9.019209851071093,8.526190126950539
200883_at,4.474643703705801,8.229251434099853,4.513200156027413,7.349117540830337,7.5137828554428845,8.152360905066327,6.188563131633417,8.532706571542022,9.585788808074966,4.952887984083267,9.75504111429047,7.273898145782603,7.541677449434088,5.460542721617026,4.4228586608869005,8.894065911190506,4.847390646897916,7.149665838621205,5.697370729222381,8.797016221301567,7.41297624216211,7.08306440974382,5.909729909032701,3.5782866366113835,7.138722331995575,7.148669775978995,6.173241389092683,6.592685757314334,9.946580279173762,9.451987897003114,10.36152712990418,8.780247754160603,8.663728869355818,8.708883855295229,9.441935744840285,6.253038119945222,10.734243886448745,7.142331742749798,9.403879084804474,9.302988418017208,10.02738078209446,9.240917711481236,10.622015202366288,9.074556278308483,10.491131568412214,9.97742304090898,8.531666072273062,4.805581378464516,7.276124405274237,5.652156616392438,9.831047503641743,10.21231398491039,10.426736489174427,10.382386259485708,11.000190186516807,10.647476415058993,10.041604399363315,10.531673869065276,6.205840157601169,4.6998403203174774,5.812403240504825,10.139346700289664,10.604618088669785,10.219616267388531,8.53204027077761,10.275461078471066,10.744539551505309,9.279264664185344,10.250701084461154,10.369215630430205,10.4719799769269,9.992074442653784,10.97891776906802,10.351811604601505,10.626320489134365,10.155121802357275,11.016195429910251,9.8811231400417,9.089807965652502,8.455236792140402,5.652156616392438,5.619319097367797,10.831243896855195,8.987886439782924,8.293448657498907,9.841943251108226
211653_x_at,7.548082072736053,8.207966038453822,7.073809524411065,4.743164861447923,9.502734361689944,7.101587049247049,10.265181352412522,9.60148482050996,11.118279253256134,7.566221518111228,11.016090939541272,7.552192602895462,7.46972320817581,6.849098544555775,10.846336601787534,7.103801840877157,10.053287860256155,8.57968175111664,9.92474719494467,4.205134418914292,10.505166463516169,6.754459973625479,10.31567037853438,6.947280420395463,6.874993638932968,6.998127790595488,8.830806727096087,7.358369886391825,10.989117714286024,8.581769260825057,12.761910614870724,6.841243538453082,11.66880522619326,9.714020508393686,12.085127180213323,9.694970706540497,12.120691483709756,8.385888278347327,11.246354640790088,9.432243308867452,11.553816457778568,10.37387655038409,11.340339723629627,8.726572402223287,12.139592918811363,11.039446875203806,11.62647564167678,7.320656159353633,10.773955129146518,7.24018074027478,10.797734469264578,7.292165159782965,11.761613559512924,10.903738773893895,12.012488363255038,8.812077805873669,11.478375276121591,9.58953879729613,10.957356014811932,7.436145178383055,11.354723222279455,10.336238749332246,12.68906105077209,8.39324886258093,11.319615676374877,8.25521273189896,11.849041449052566,8.240400201482831,11.781244949127307,10.448188593256855,12.498263335455151,8.667714757049815,12.51268121333057,11.675180802374475,12.70038336176534,9.585103382029883,11.266751409706108,8.00262939377791,11.835592534544563,10.760270854333914,8.311780097079073,7.357464032726177,11.148057059193132,6.985921610269079,10.967233465086933,7.154291555835664
214063_s_at,6.879056309343877,7.329069763382704,5.644900323053674,5.332854701600864,8.40914480834276,6.607694270893418,9.266903637812849,7.733442472487324,11.099972360835642,7.9476369379518275,9.12006158038419,6.930264245235024,8.864415223961824,9.351369937344858,10.471766649912556,4.440719700813975,7.602156940802108,7.717621592759271,9.6233639286245,5.828494494776397,10.93330706540266,5.5975907638667675,8.98919862632656,5.311296025622549,6.005545956661874,6.396041292317283,9.83800314275799,5.898931453988572,8.955286645524469,5.4046306842176115,10.030998118171894,5.095996131127645,10.022991921061356,5.479156173559713,10.197781863244776,8.137057735890105,12.207179085582837,9.363475549681478,9.031080851789868,8.333177717502203,9.27998658449845,8.307820112742794,9.813558357774808,6.022920370376428,9.869431906863326,7.641900012384636,9.49818503508508,6.372757125948442,8.238481171474756,6.016962018426639,8.939561584532342,7.031461365335432,10.287377635468149,5.507667804290145,10.6381643649027,5.730164413083572,11.23549970642037,6.651328719448102,10.664447284547972,6.960986568503319,6.828415790848677,6.982697021916592,11.258342251589822,6.787928671282563,11.777140223817437,9.58953879729613,11.67515874426758,5.498254059327483,12.126378603755224,9.631624531042489,9.863737167543857,8.34205688428348,10.545254101506382,9.858876183226757,8.038359356450892,5.1178155392394835,10.95300326689012,6.111356883906041,9.938425478562417,9.507453743405684,7.5098383311144365,7.413162468448788,11.040584258321168,6.525271790577791,10.420486612825774,8.525160579746355
209699_x_at,9.15133118212514,9.770485506314024,9.862169296781836,7.097705596778087,11.316654886854108,6.542097053354663,11.63516487537477,10.830950881039524,11.997144189531392,10.356683047030426,11.986442934737877,8.976833305911924,8.394462694610317,8.231254787192597,12.059675688295096,7.564812558029625,11.413532733395485,9.798547943580663,11.430724338172412,9.13223494347953,11.74398024268102,7.401954654298936,11.772549642298053,6.668360272479816,8.92218297885403,7.032839197651851,10.728158615689264,7.563844528817574,12.424567856545083,9.674093377458703,13.188703193610314,7.382641317198384,12.78756387798809,11.288687311907069,12.906759093973768,11.88428119781575,13.122404181328973,9.331465625114262,12.140922412077034,10.726575807982766,12.538880037654248,11.810439087070158,12.910309185789238,8.75478731152897,13.01237487376049,11.805743872151618,12.501620764414222,11.014432012227426,11.836346282386218,7.697593137815943,12.384692027597673,8.243369186427097,13.36494170358259,12.063755709972025,13.020625817260532,7.990518129527751,12.815983626652724,10.949330653480574,12.286147649888346,9.272685765589497,12.41294026385884,10.933845537210026,13.139883850171472,10.52525651917562,12.209322371745568,8.963216889788386,12.915223968648728,7.921906377427193,12.81518513180356,12.007125406075728,12.867780660834754,8.81486761231392,12.92922696494086,12.532489862736565,13.154295986772643,10.703834377778524,12.471695533897412,7.936690934989866,12.851477729907096,12.290649600030708,12.056559821024631,9.352509163394446,12.781544137182037,7.5877700169192925,12.697002289551378,10.701202480190524
209298_s_at,5.008603415696019,5.34963066264237,7.348993656493746,5.301477903962753,8.484383877689714,7.316996478696232,9.065671932863816,8.566015971836682,8.687697607356963,7.985773642130508,10.14149410089584,4.763868320178723,6.58475209235171,6.695158678475356,8.235760561523405,3.3892033389848475,7.760739903916058,6.783417364744613,8.617548275993089,4.522721184436799,8.401856552546032,6.8850984307803405,8.513889421340448,5.460359235575572,7.375777971667346,4.08481263883321,9.998294244936869,6.964664318707344,9.559426804807376,4.181094597616987,10.608282548073577,8.359692466238172,9.928549464297834,6.501926330751932,9.557802556322136,8.572995745038465,11.21675191992644,7.826720075175115,10.053572968463182,7.989786167118365,10.216806474360558,8.905402048683605,10.17655964483654,8.238051187951037,10.815231172334208,9.71565832331376,9.111417398718563,4.157868333701498,8.406621700177725,5.154648012872996,9.669110055492956,4.097543379395125,10.609548138999427,8.471195590971835,10.927577985358257,8.345573791557962,9.975804987375266,9.209906573621296,9.169524197150002,5.744691242411435,9.81565867857144,5.3640330716899065,10.475348390744182,6.700550690414589,10.18087885205551,8.561933242155906,10.530747705271642,6.408192152692963,10.208917129313672,8.578772703067001,11.19109006738911,7.643336726050923,10.846289584214702,9.76251658430544,10.569200552021908,6.655489221597839,10.26198910651677,8.010774245166713,10.392070511874763,9.22629176246684,6.384745766896684,6.68435590149614,9.994013939259718,8.258038323202,8.462862134625123,8.308393642167232
203571_s_at,5.871271975749916,6.831370587967541,8.570918255328666,7.334952566561694,7.90846467866406,9.028356422975676,7.947911571726948,7.14414836650889,9.451161647154384,7.556858542666547,9.6742028631744,5.436818126924453,5.3774465490071774,4.861106762306623,9.660887270302569,6.654859396274016,8.477519483690177,7.906620064925308,9.470732074488849,8.195972538924464,9.867496517705169,8.847821568378174,6.850736926318514,6.483862523050151,5.446557311426233,4.926103820340742,8.253379508000798,5.488273982659691,9.949701253561685,4.511828541483186,10.916894583285847,5.347141202278376,10.939263314727894,5.410924469411495,10.254686154749985,6.975183057609532,11.621561988946254,6.462714929190292,9.513538118771825,7.988275675874402,9.876447879723663,8.714022226154649,10.591643890611603,7.220832952900865,10.154894038371925,8.446012175396378,11.254089686181878,8.589976909781205,10.089781488353998,5.884466050487752,9.728740244019756,5.720946022430367,10.982651393001383,5.332142200359437,10.78232665086497,7.323739343080263,10.049753273990618,6.177696588567868,10.12674318507087,6.362794230731317,10.151663512950998,7.4138479126684445,10.837186385159027,9.217572443219934,10.587411874762866,6.647573549645349,11.289517503968405,7.356566412886371,10.684976488640666,8.668970054684298,11.08302716771428,7.145606133762631,11.103333711614868,10.096069420436772,10.684511949940198,6.9191612839734935,11.14022905523078,9.501451087949183,9.258443546825712,9.43656372598214,10.329919640219911,7.238853720228508,10.733100083886914,5.4771883601723585,10.453723334601971,6.5898997816770555
209555_s_at,8.981427429314593,10.010500132856384,9.795262064214192,6.847583575334116,11.213292596333114,5.934318341503757,11.293471648838134,10.994035160200388,12.171993009490606,11.314957039083785,11.786739284856502,6.915759896038,8.41102789029469,6.453776003263577,11.847719016978942,10.10844604730828,11.46804359012095,9.19611028469078,11.987661942027035,9.31999494146349,12.10476253798197,9.048669413091126,11.559673438790613,6.684383956393483,8.731509114789914,8.223924471060029,10.378251498534892,6.675731263485935,12.178823551179692,9.51890095930525,12.842613556241634,8.031450337369533,12.681258180606076,9.616100344021303,12.46102917431935,11.234344436957487,13.017476563020464,8.169669501572436,11.91493818382084,11.001598195374012,11.822742096009891,11.734260824856936,12.705997334405104,7.418223686911422,12.510316655401825,12.628358957609326,12.272055275040962,9.903449574848178,10.999302434856908,8.185722863169811,12.59732864415073,10.16505772315415,12.555787402083771,10.726098923409912,13.120652608751875,10.13000418418862,13.10207740427366,11.70934233688414,12.494260587559054,6.944202526250486,12.71791199833096,11.532623787750898,12.683042848219385,9.41817096943084,12.683523211736828,11.61215895171063,12.449685170363573,8.466194768757871,12.64436780494565,10.876325086063236,12.688866601724786,10.26788687855641,12.80294038729149,12.45532722030456,12.738769947483108,10.221768352976731,12.723291905135394,9.135370693938436,12.594072623537148,12.65548600159948,10.10060978085146,8.383423501145693,13.049445287052553,7.877873056256028,13.037202024882763,11.914456143894228
204083_s_at,6.297354682834202,9.813117398814269,9.946996896830532,5.445057898392249,8.370517411575898,5.704445952491566,5.246902076308184,9.247127640055592,5.239398041566556,5.54108112323906,5.410944815089053,8.549776968420758,8.677539954145987,4.738449003791455,5.203514411130758,4.685530934479385,5.216388898559455,10.165497456209,4.915592603494991,4.496813840640377,5.533211352471445,8.671972660750058,5.637401581684373,5.261914379720072,4.952212404721796,4.0913359414049575,7.366313470613012,4.95644237303644,4.503081544678568,4.5900989584528045,5.787863390668572,4.285454006985473,7.991000227452259,4.2539817049162085,10.352540060096958,5.5719285619494645,9.334619669331436,9.054091449447888,7.513411786824949,9.583645064451163,4.662558722967437,9.060058195192983,10.763967550306171,5.024541315169132,5.163418222500728,6.672948577630695,4.366986575332627,4.65918818514134,7.845866357091157,4.501248047067211,9.419658970653858,9.270606027329649,8.887583147971204,10.38908276351208,5.73576585520285,8.897152675095393,5.923641248612234,8.88238016148464,5.37107788409746,10.497642301708847,4.98509051552989,10.12778802275406,5.317199133375555,7.977486008071496,6.818224255245966,6.787132045911039,8.514702220637808,5.022740646028834,6.612355447840083,9.78504207953364,6.265168691275696,6.929719997199825,7.96217881634138,10.663486946110233,6.617746610337959,6.017817264284178,9.067638716875363,8.210101458012469,5.904397389082982,7.830109515750722,5.506351223329028,6.122190221466789,5.618928704985254,5.708879717955928,6.041306510589254,6.438093202842861
201596_x_at,7.062121711907798,9.65313885857826,6.33611375409383,10.655047656970131,6.6391815059329256,10.931860310469371,7.162270469659834,8.501773505922738,5.762526882340202,8.008680721506572,6.354697220194739,8.825868290098033,9.28632903761887,8.327620005701178,6.657038280481126,9.778944457587668,7.710372526986594,9.89553590119116,6.7573966769193,10.477576147581052,5.83510550665329,10.61684286630834,9.12584221138404,8.899133325632349,9.323243953842788,10.083638879250708,7.779863781547206,8.40435819483331,5.28264366580086,10.355626393637916,7.541871008841487,9.868530900309755,8.437593960093636,10.90962311557331,7.072588190668184,5.942577841780001,6.543375241360704,8.001633377995073,7.846393020852361,10.067434360756522,6.2118182260364385,9.972793156726503,11.062039389832677,11.57778284915099,6.769256021107058,6.787941727050901,5.475691284203506,9.69566503654584,8.879528113716898,9.820209284226824,6.33446637672496,10.52531525445305,6.932250191329399,11.494575616502123,7.481048631363403,11.708540760610168,6.734465763836117,10.36849554849334,6.852910224541863,8.388279961124615,6.764752190343657,11.06257237575208,6.996038425516686,12.206168838711909,8.765852952821104,12.47492776886106,8.895875150026068,12.09824268000358,10.625973617223186,11.065173757707909,6.917742030353979,11.031549586028037,7.294161218694753,10.44469398130707,11.277159516578225,11.468944719299968,7.612064933777713,12.844209482970196,6.981064891121311,9.742541865597644,7.512337518394759,9.549295666417388,6.929660827431547,11.777736133406968,10.07795060489312,12.11021249360723
37892_at,5.965437996296007,6.682503070996607,7.402321410456091,8.356324311923483,5.885603647464784,7.848798181244189,5.62982578399059,5.58501660077082,10.728566800458232,6.093674255432647,6.1543908055624605,6.7741676876997765,6.286389572142477,10.295068649950354,8.613332738234952,9.458876156100246,7.806549621985961,5.522912597171904,5.641268561053033,8.074703442260056,6.100016792227241,9.711859664147706,5.778668546126482,10.07274895156064,5.642652480093886,8.922744940988274,6.094126258667116,10.060263598738292,6.430905779430093,8.102075435309654,6.161780886752193,9.819965095750476,6.939873012307947,7.702913759676682,6.018841110553923,5.847400669789683,6.454929293978414,9.83219697445448,5.367713525275829,5.642083471592644,5.705507981946321,5.714349937528218,5.639347944722064,9.737928384483418,6.358236242785281,7.562692719059198,6.3699113681639865,6.012472580019798,5.4640637504630245,9.841081534113597,5.540039672015756,7.340740280630179,6.222294520851298,13.011097938298944,6.6604951318885135,12.685081646450197,5.818124532521907,11.941597868266095,7.372011811682413,12.257815048187052,6.928559827162273,6.077035724832934,7.089540522604114,12.12656574549649,7.489599129266772,6.783797119548963,6.108375997911092,7.331275267146615,6.382148453204219,7.737172966673792,6.671859468247477,7.69772517669752,6.606693907898431,6.613955912600705,6.211152405412343,10.252819154059749,6.4868269786414485,6.42318651956756,5.743369549469779,8.016635599566914,7.197197031033433,12.4009968105418,6.531891382582284,9.206806811044157,6.183014008060021,5.684254899348228
201841_s_at,6.129569466520819,6.2752119612195365,6.95689302432336,10.376830823835263,6.416898839867211,10.87361328858147,5.842936103253675,6.762840438912359,6.736090695067073,6.775695868799309,9.28778855183668,5.6053372787276246,6.187579718950638,6.914349251210827,6.022767273270912,10.391662479514064,9.575817170483653,9.729114267002265,8.556191807984186,10.399651769636137,8.842975690027412,9.918310197547742,6.032654093513575,5.5328873158761915,7.31342726581369,9.767394928191193,9.03522249437125,5.609187604870425,9.61648819417762,10.329258169776192,10.533972085049632,10.571724206395936,9.69459991231549,10.502304741315672,10.72375478905404,5.3938589086630575,11.47392893411965,7.996592119571218,9.57332529048648,9.768659078622449,9.000470489820437,8.107949355012964,10.931660898852275,10.281872086232092,10.20054309687136,10.33973867952789,10.15088964720468,9.672135359415035,10.448735798029396,9.888636716850232,10.792912275759718,6.558563062361162,11.251813754529218,11.441885961114307,10.224001674198105,11.162901091645782,7.307911164383798,10.799249237431397,7.453163611293432,9.214552264796245,8.281146471362348,10.226159277500416,10.491813020910822,12.971270508136092,9.625111553264476,11.17918134046014,11.038761271612993,12.760376902820015,11.913708476599703,10.01815844161237,11.518082652210117,11.013915822295193,10.921431867604433,10.809591297311613,11.425315576968067,11.84911966149825,10.857996541326578,11.780322403636108,10.996452303628477,9.507693568736556,6.402474908610464,7.283245813552445,10.469580771023823,10.994643361140367,8.533411502177044,11.160104620873115
209613_s_at,10.448240225216066,10.978989248355017,10.78629413528358,6.455749691348013,11.45764251056501,4.982947955157527,11.22314497048661,10.795382213301911,11.682094812636972,11.1500899728301,11.57670635547351,9.930135596431253,9.409511862859713,6.2726129903688435,11.325119905604174,5.061231844677882,10.862497885131251,10.379031732028537,11.043047795700494,9.20976770243011,11.239837168740346,9.073579264249236,10.690940829504344,8.422472700968909,8.697853729261055,8.360987506976867,9.861577028788838,8.80014924446499,11.586117321541623,9.49790571252344,12.409404196141478,9.13532964706338,11.617999997884118,9.635919412572504,12.174819598082756,11.194258226035195,13.14691069456326,9.762081342088182,11.681682046968731,10.198948362126426,11.422753352002156,10.883529178781853,12.612352498752662,10.410302940266163,12.27249857190204,12.017716648876169,11.83506744080232,10.676865045359092,11.372473325021918,7.367432225115763,11.399336678016216,9.508664354813767,12.218623776046384,6.1197151459587635,12.96719923507439,10.367764188419722,12.071867895935638,10.99315776769263,12.508195883497844,7.258886335515821,12.24517831753521,11.905059766478058,12.44272842290666,10.546431488805665,12.130052463762045,11.097018154502804,12.621809213915784,8.229275471605636,12.338095661439189,11.724999785561046,12.202246288500191,10.344318103053409,12.887744201988252,12.05695263529054,12.579792042668725,10.330513584006663,12.607605416861391,10.632404552464624,12.258471813994335,11.92844805233883,12.481663226753517,6.421233399738491,12.75058138339472,4.900663971323386,11.546576183229163,11.475667576108282
209395_at,5.795629299300051,5.76422671118917,5.774784424539331,5.69651691785298,5.392935588198868,5.3363690899747445,4.516727490952526,5.562431717818029,5.933303524100936,5.943379862782494,4.99907998862664,5.600992228611119,5.303985267660343,9.378197299981204,6.402529481796516,9.75230537354362,4.790282022089281,6.334487829731742,5.663600797396885,4.355171354059962,5.3605433731360135,5.501604743032303,6.6956041437738545,5.200276776124357,10.568934647210336,6.429671193929189,6.789416268395718,10.007167463681494,5.568995809656909,3.6929181308085495,6.318000426147645,7.491091472945351,7.718731500525943,5.813316889307743,5.62884648619779,5.3207770865666575,10.489115391044091,9.213130958476594,4.980363535089258,8.966545826614288,8.476454598210053,9.936537830159182,6.436578300078875,9.92180077902476,9.506787573020684,11.0045294818182,6.834976615731527,7.457060700692427,6.406971970816723,10.033643243510385,7.844674384080647,7.966603502809376,5.279385860607255,10.100044659739076,4.739880498182334,7.1892809754777485,6.2726727036407235,5.497957191746175,5.777664308525035,9.337218247688304,7.219062008842894,10.353940751065704,5.434051034173979,7.60637559966692,6.145092515335074,5.984833120621511,5.8728656881162,5.125246071982929,6.1089362978776425,10.865748733738249,6.920329033628467,8.073584619554133,6.230450897627128,10.432406184630675,10.014438986502434,10.353587949195417,5.930739702634785,7.182622782726887,6.092093242776494,7.750506016447382,4.956614287557227,5.401415438762256,9.157137211383596,4.275744600719262,5.182275158529006,9.63320958677287
202018_s_at,7.607848111344639,11.017114618973954,6.606844894686429,9.478990000343323,6.888609321623481,10.50629766222784,6.956498131341864,7.299803293514558,6.250565611553879,7.157266081536255,5.906043966148933,10.093430769774123,10.639168841325906,6.100016792227241,6.6718028686656465,10.879016474638936,6.299913163608034,10.496174702279768,6.009212786805205,6.698121220850657,6.339622003430819,9.472359824083831,10.432134714808758,6.844272655544836,10.933550509056609,7.136099081700993,10.032459047386547,7.651919917932648,6.054171240969984,6.151185033803054,6.962606859121063,10.105882325120474,7.16097059452327,11.411002459617348,7.232353767739029,7.388404823002646,7.210934292082059,9.97823853915142,7.797771750028149,10.873236460226051,6.282087613951298,11.33735429849697,10.0332577979904,8.315027256393643,6.856574926201545,6.890288600441623,6.435160175472075,7.254121582821265,10.736241247072654,11.971665689297184,6.329631321238961,11.632009139764854,6.329069763382704,7.708904541813756,7.311276041696369,8.351049644012768,7.169614387824594,7.800589331239236,7.297952556595485,7.59577217156962,6.866252733091115,11.8011182285007,6.938756261492295,12.268074086555362,6.94325325752516,7.369065097558626,7.623815662121972,7.706150627817525,7.121222669841959,12.216642804869007,6.743488039789185,11.84441154700684,7.084011098455035,12.140379257567512,7.146940279358025,12.356754563304248,8.526174473938857,7.571054824602,7.132700214963818,8.832314086729818,7.982098027543543,7.488723865849233,7.196370981746113,8.812305682008649,9.020146573111775,11.284772058182304
212741_at,9.042559528433944,6.38957197406876,7.773633760243664,7.151260139651119,10.181164683125926,7.297659152580997,10.24976530400944,9.35795880485484,11.510872934519954,9.76355100346429,11.4216914257863,6.929518810085751,9.070952770601505,7.457462964648552,9.785455737718667,7.238729547999582,9.603787665617606,7.506319483657251,10.296331211923288,7.053176516991981,10.773262860995231,6.984076614938654,9.70245496182039,6.198291800683429,8.414228574340735,7.365202598306895,9.3590686759874,6.413523001932894,11.437960088334473,8.3833198105314,12.230380764152969,8.351336806849227,11.36004597405639,6.753698124448471,12.378750029717828,10.096491157048147,12.510952032353144,8.695029885531866,11.587257152353306,9.816471711588202,11.55756421765772,10.822132618478042,11.72213297758864,9.246096882302014,12.234580953421569,10.407214644892717,11.507031474658778,8.63072944153065,10.179436405592105,7.230203013366421,11.54304632448904,7.469153375171577,12.345879228902142,7.210905077971254,12.752094169966083,7.815351271150869,11.71497097649284,9.423630691251372,11.921305404480108,8.943845158869008,11.884098000868471,10.042083411319991,12.231650204665334,8.58213445289789,11.517187097043816,8.498338639445464,12.567335811324662,9.702671394083264,11.925669405848666,10.848505579768654,12.36536556519961,8.06939605977232,12.697434588323633,12.039936882086597,12.09235413409854,7.233073170488987,12.14338321398982,10.323066022554055,11.97489851417792,9.88812068603435,8.303082058951482,8.259423152281416,11.989000596715965,8.66719671712765,12.24529421014062,9.27347392859756
209459_s_at,3.8785880288235703,7.320926877865421,3.1352048573912232,7.575834184478078,4.346921441890808,8.94554040299661,4.141514536972374,8.153085835430867,4.451903439306651,4.311851831187058,5.248944634477151,6.082913307547244,8.19384072306785,2.8403866909503352,3.8019139586177175,5.810486805634611,3.525517677053589,7.722165431691404,4.654991109760596,5.053102645499403,4.539344953297941,8.572052146994352,7.824156843728829,8.964184892329714,7.687697607356963,9.19354014466158,6.68539356952643,4.312832142488722,4.798454952010052,7.520123620608799,5.717029292621263,9.63187549303885,4.90066880109904,5.2019160999812755,8.666447714165272,4.406346184878888,5.703012079250873,8.483449012076424,5.6375638789354054,8.734950049364114,6.107848950109984,7.699572453287269,9.540930066443138,9.412387778422788,7.726020563009186,6.379185994907381,6.164277432500356,4.324738610853744,6.872841069167019,4.112149635406783,3.9608452855130785,7.718875314960192,4.308004031137989,3.3824597553156894,8.251525016243326,10.70330665166383,4.211736475140607,9.4186432493759,4.854833483951608,4.213751646311006,4.980587457778613,6.901156525173145,5.374291817348762,9.897833357883163,5.42262659279054,6.7663566362193075,4.898605014919648,6.876025732722702,5.79321702169098,8.959686126904494,4.364306279535605,5.8615633820533155,5.206596341883675,5.878097519764477,5.440885774076915,4.568786099044033,6.002738519806929,10.459431618637296,5.006580789552979,6.649601089519329,4.346637830627403,4.925116446837962,5.8958527378320085,6.790706885783912,4.961757590833186,5.749174889946611
212886_at,5.188654117836729,4.732345185952435,5.277966155749035,4.789014507396713,6.940730560184862,4.743568823064013,7.778399153078503,5.3180564818959715,8.638479357101723,5.795761753738477,8.155430491695679,4.192146811277283,4.876207501337939,4.384339974890905,8.39336471395707,4.570098568089166,7.132350632726494,4.672334817089689,7.834331988338648,4.932580916725429,8.149716639710016,4.993379996575283,6.037375632333459,6.607939816116994,4.193172466909299,3.639729957669772,6.0888051959143334,4.761263994516776,9.032142178962404,4.589278113409213,9.71036219428363,5.410198619230435,9.514996057184677,4.920221830720786,9.35001538427028,8.680370073347467,9.919769108378793,5.411182160129018,8.353455626247996,6.334434196616632,9.009005584702102,8.305181673399678,8.710248529666504,6.157482355371585,9.466486416157252,9.306408076982551,9.2792159041321,4.057597566860847,7.188776742336638,5.933164226004151,9.215894538227742,4.7992375789808515,9.422886826032212,5.7576820192937985,10.08013798211566,5.788416876614633,9.213772541881218,5.6527073279525455,9.265476747398672,5.924981105025813,9.038899789800888,5.635359714357376,9.652893360719837,5.70727353423773,7.222582406610934,5.833659246409512,9.83011110070404,5.710420745288628,8.424418265945784,8.627563066378228,9.620386633206492,6.134876001326167,9.52895413233744,10.45347642461662,9.17856277578776,7.9648317915777955,7.511728938037536,8.16829604087219,9.445254930086852,6.526514888625012,6.595114230666797,5.566303728421958,7.027629591733157,4.419714161572656,6.607201575217542,5.963790834754866
